{
  "cohort": "Su_COVID",
  "n_patients": 270,
  "n_substrate_nodes": 38211,
  "preprocessing": "within-patient log2+zscore",
  "hub_cap": 500,
  "diffusion_t": 2.0,
  "sigma_per_modality": 1.0,
  "alpha_pc_explained_variance_ratio": [
    0.1431467883616797,
    0.08142279722819107,
    0.07736893318878833,
    0.05212136769128243,
    0.04482265769293386
  ],
  "mean_smoothness": 4976695296.0,
  "compute_seconds": 1492.0308442115784,
  "F_path": "/home/jgardner/GIZMO/benchmarks/results/unsupervised/stage3_F_Su_COVID_zscored.npz"
}