{
  "cohort": "Filbin_COVID",
  "n_patients": 383,
  "n_substrate_nodes": 38211,
  "preprocessing": "within-patient log2+zscore",
  "hub_cap": 500,
  "diffusion_t": 2.0,
  "sigma_per_modality": 1.0,
  "alpha_pc_explained_variance_ratio": [
    0.1790892168012594,
    0.12205255965887771,
    0.10267358150024522,
    0.06508274222009812,
    0.051316368467950006
  ],
  "mean_smoothness": 10047501312.0,
  "compute_seconds": 1100.849651813507,
  "F_path": "/home/jgardner/GIZMO/benchmarks/results/unsupervised/stage3_F_Filbin_COVID_zscored.npz"
}