{
  "cohort": "GSE89403_TB_treatment",
  "baseline": {
    "n_TB_DX": 70,
    "n_HD": 35,
    "n_features": 3711,
    "beta_AUC": 0.8195918367346938,
    "alpha_PC_AUCs": [
      0.9024489795918367,
      0.5065306122448979,
      0.7061224489795919,
      0.5559183673469389,
      0.586530612244898
    ]
  },
  "paired_DX_Wk24": {
    "n_paired": 70,
    "mean_dF_norm": 104.9703598022461,
    "std_dF_norm": 29.917428970336914,
    "mean_dbeta": -0.00011791000801705761,
    "std_dbeta": 0.0002093270631419183,
    "beta_DX_mean": 5.052427991735053e-05,
    "beta_Wk24_mean": -6.738572809970709e-05,
    "alpha_PC_dmean": [
      0.5752686830701517,
      0.017964268974654283,
      -0.19698247436396885,
      -0.013860043096771205,
      0.07914362070078182
    ],
    "alpha_PC_dstd": [
      0.39127804791752097,
      0.4879498779168517,
      0.3727103322740576,
      0.20915852778664404,
      0.14303037135076674
    ]
  }
}