{
  "Wang_RA": {
    "cluster_t0": [
      0,
      0,
      0,
      0,
      0,
      0,
      0,
      0,
      0,
      2,
      0,
      0,
      0,
      2,
      0,
      0,
      2,
      0,
      1,
      0,
      0,
      0,
      0,
      0,
      0,
      0,
      1,
      0,
      0,
      0,
      0,
      1,
      2,
      1,
      0,
      0,
      0,
      2
    ],
    "cluster_t1": [
      0,
      0,
      0,
      2,
      0,
      0,
      2,
      0,
      0,
      2,
      0,
      2,
      0,
      0,
      0,
      0,
      0,
      0,
      0,
      0,
      0,
      0,
      0,
      1,
      0,
      0,
      1,
      0,
      2,
      2,
      0,
      0,
      0,
      0,
      0,
      0,
      2,
      0
    ],
    "transition_matrix": [
      [
        22,
        1,
        6
      ],
      [
        3,
        1,
        0
      ],
      [
        4,
        0,
        1
      ]
    ],
    "fisher_p_label_vs_movement": 0.500882629013886,
    "centroids": [
      [
        -0.5005069856546687,
        0.42154918393885893,
        -0.08782743739675447,
        0.07572215071604546
      ],
      [
        1.422008253928831,
        -1.5975288737552436,
        1.3489829616660722,
        1.4436562895915046
      ],
      [
        1.7653339136540138,
        -1.1669621678411868,
        -0.569787232431682,
        -1.5941135058262674
      ]
    ],
    "label_names": [
      "No-Response",
      "Response"
    ]
  },
  "Filbin_D0D3": {
    "cluster_t0": [
      1,
      1,
      1,
      0,
      0,
      2,
      1,
      1,
      2,
      1,
      1,
      2,
      0,
      2,
      2,
      1,
      2,
      1,
      1,
      2,
      0,
      1,
      2,
      0,
      2,
      0,
      2,
      2,
      1,
      0,
      2,
      1,
      2,
      0,
      2,
      1,
      0,
      2,
      2,
      2
    ],
    "cluster_t1": [
      1,
      2,
      1,
      2,
      2,
      2,
      0,
      1,
      2,
      1,
      1,
      1,
      1,
      2,
      2,
      2,
      1,
      0,
      1,
      1,
      2,
      2,
      2,
      1,
      2,
      2,
      2,
      2,
      1,
      2,
      2,
      1,
      2,
      2,
      1,
      2,
      1,
      2,
      1,
      2
    ],
    "transition_matrix": [
      [
        0,
        3,
        6
      ],
      [
        2,
        8,
        4
      ],
      [
        0,
        5,
        12
      ]
    ],
    "fisher_p_label_vs_movement": 0.48011535108309306,
    "centroids": [
      [
        -0.6686188840853485,
        1.0151990604398573,
        1.2563604061239653,
        -0.5078231728237588
      ],
      [
        -0.5481806805368399,
        -0.882920520836013,
        -0.2992928050164107,
        0.46699389505999017
      ],
      [
        0.8054176167225819,
        0.18965269104385116,
        -0.41865555205211397,
        -0.11573564561329622
      ]
    ],
    "label_names": [
      "Worsened",
      "Improved"
    ]
  }
}