{
  "IDH_glioma": {
    "n_active": 53,
    "n_control": 35,
    "anchors": [
      {
        "label": "mito-2HG",
        "node_id": "reactome:R-ALL-879997",
        "name": "2HG [mitochondrial matrix]",
        "observed_rank": 20,
        "observed_pct": 0.3122073056509522,
        "observed_d": 1.5052779912948608,
        "p_random": 0.0033996600339966003,
        "p_degree": 0.007999200079992,
        "p_pagerank": 0.014498550144985502,
        "null_random_median_rank": 3155.5,
        "null_degree_median_rank": 5264.0,
        "null_pagerank_median_rank": 5185.0
      },
      {
        "label": "cytosolic-2HG",
        "node_id": "reactome:R-ALL-880042",
        "name": "2HG [cytosol]",
        "observed_rank": 192,
        "observed_pct": 2.9971901342491414,
        "observed_d": 0.710841715335846,
        "p_random": 0.0301969803019698,
        "p_degree": 0.067993200679932,
        "p_pagerank": 0.10238976102389762,
        "null_random_median_rank": 3237.0,
        "null_degree_median_rank": 5153.0,
        "null_pagerank_median_rank": 5032.0
      }
    ]
  },
  "TCGA_IDH_glioma": {
    "n_active": 363,
    "n_control": 95,
    "anchors": [
      {
        "label": "mito-2HG",
        "node_id": "reactome:R-ALL-879997",
        "name": "2HG [mitochondrial matrix]",
        "observed_rank": 26,
        "observed_pct": 0.4058694973462379,
        "observed_d": 0.6295671463012695,
        "p_random": 0.0036996300369963003,
        "p_degree": 0.010798920107989201,
        "p_pagerank": 0.0150984901509849,
        "null_random_median_rank": 3155.0,
        "null_degree_median_rank": 5246.0,
        "null_pagerank_median_rank": 5279.0
      },
      {
        "label": "cytosolic-2HG",
        "node_id": "reactome:R-ALL-880042",
        "name": "2HG [cytosol]",
        "observed_rank": 5779,
        "observed_pct": 90.21230096784265,
        "observed_d": -0.199124276638031,
        "p_random": 0.9023097690230977,
        "p_degree": 0.7265273472652735,
        "p_pagerank": 0.7467253274672533,
        "null_random_median_rank": 3188.5,
        "null_degree_median_rank": 2117.0,
        "null_pagerank_median_rank": 2115.0
      }
    ]
  }
}