{
  "KMPLOT_BRCA": {
    "PC1": {
      "mean": 0.49723981717872706,
      "std": 0.1410315226082711
    },
    "PC2": {
      "mean": 0.454942189988316,
      "std": 0.08851422488003961
    },
    "PC3": {
      "mean": 0.5369159779943645,
      "std": 0.04170975045630341
    },
    "PC4": {
      "mean": 0.5605142802049073,
      "std": 0.05939349473393248
    },
    "PC5": {
      "mean": 0.49036320698492164,
      "std": 0.07814089861533469
    },
    "PC6": {
      "mean": 0.6021734130564645,
      "std": 0.051850074278819956
    },
    "PC7": {
      "mean": 0.5007480375871278,
      "std": 0.039156971097660365
    }
  },
  "TCGA_LUAD": {
    "PC1": {
      "mean": 0.5766939503636875,
      "std": 0.03265565110847284
    },
    "PC2": {
      "mean": 0.5563486242484414,
      "std": 0.03157266546950655
    },
    "PC3": {
      "mean": 0.4433857171787823,
      "std": 0.03138003704172
    },
    "PC4": {
      "mean": 0.5545253651899513,
      "std": 0.05995465178514406
    },
    "PC5": {
      "mean": 0.5589806676750403,
      "std": 0.019823910009096207
    },
    "PC6": {
      "mean": 0.4828415369382123,
      "std": 0.08319500459228574
    },
    "PC7": {
      "mean": 0.542854962399856,
      "std": 0.06670706961307686
    }
  },
  "TCGA_IDH_glioma": {
    "PC1": {
      "mean": 0.6236254614535628,
      "std": 0.027445582086399106
    },
    "PC2": {
      "mean": 0.46894206741774946,
      "std": 0.02570729368874435
    },
    "PC3": {
      "mean": 0.5549017030301154,
      "std": 0.06412120929201234
    },
    "PC4": {
      "mean": 0.6197041893639772,
      "std": 0.03994477195954366
    },
    "PC5": {
      "mean": 0.5230896528136799,
      "std": 0.030795713374509575
    },
    "PC6": {
      "mean": 0.5547512512125701,
      "std": 0.03337713000912938
    },
    "PC7": {
      "mean": 0.5024791413904637,
      "std": 0.060073256147749866
    }
  },
  "Filbin_COVID": {
    "PC1": {
      "mean": 0.7167502681325114,
      "std": 0.04256478213698221
    },
    "PC2": {
      "mean": 0.6570290877545049,
      "std": 0.10207512113354732
    },
    "PC3": {
      "mean": 0.5737588700807533,
      "std": 0.05036470976227106
    },
    "PC4": {
      "mean": 0.5729033967203414,
      "std": 0.06151173611263924
    },
    "PC5": {
      "mean": 0.7079438477457572,
      "std": 0.047269756908863515
    },
    "PC6": {
      "mean": 0.5600369496248557,
      "std": 0.11318805774507452
    },
    "PC7": {
      "mean": 0.5584059522201533,
      "std": 0.04727791458261761
    }
  },
  "compute_seconds": 92.46501803398132
}