{
  "KMPLOT_BRCA": {
    "F-features (\u03b2 + \u03b1-PC1..5 + \u2016\u03b1\u2016\u2082)": {
      "cindex_mean": 0.450697892945051,
      "cindex_std": 0.07256755217381979
    },
    "PCA-substrate-matched (top-7)": {
      "cindex_mean": 0.5891090865831362,
      "cindex_std": 0.04670677348424205
    },
    "PCA-all-genes (top-7)": {
      "cindex_mean": 0.595594589238123,
      "cindex_std": 0.05408945895539875
    },
    "n_substrate_mapped_genes": 8588,
    "n_total_genes": 13018
  },
  "TCGA_LUAD": {
    "F-features (\u03b2 + \u03b1-PC1..5 + \u2016\u03b1\u2016\u2082)": {
      "cindex_mean": 0.5796906719553723,
      "cindex_std": 0.03694590958243852
    },
    "PCA-substrate-matched (top-7)": {
      "cindex_mean": 0.6160493703517073,
      "cindex_std": 0.05531045178748477
    },
    "PCA-all-genes (top-7)": {
      "cindex_mean": 0.5995246304906986,
      "cindex_std": 0.05262890366946657
    },
    "n_substrate_mapped_genes": 11217,
    "n_total_genes": 20502
  },
  "TCGA_IDH_glioma": {
    "F-features (\u03b2 + \u03b1-PC1..5 + \u2016\u03b1\u2016\u2082)": {
      "cindex_mean": 0.789541640240774,
      "cindex_std": 0.052698777932659244
    },
    "PCA-substrate-matched (top-7)": {
      "cindex_mean": 0.8193979723062359,
      "cindex_std": 0.05292825178527767
    },
    "PCA-all-genes (top-7)": {
      "cindex_mean": 0.8210677048724866,
      "cindex_std": 0.051470353183920084
    },
    "n_substrate_mapped_genes": 11217,
    "n_total_genes": 20502
  },
  "compute_seconds": 35.85254883766174
}