{
  "KMPLOT_BRCA": {
    "\u03b1-PC1": {
      "mean": 0.45661405272317257,
      "std": 0.10241571803045953
    },
    "\u03b1-PC2": {
      "mean": 0.511484776999531,
      "std": 0.06881584648183395
    },
    "\u03b1-PC3": {
      "mean": 0.6030724337373432,
      "std": 0.08739140192709598
    },
    "\u03b1-PC4": {
      "mean": 0.5019951390210857,
      "std": 0.08170962223345038
    },
    "\u03b1-PC5": {
      "mean": 0.4361634345619194,
      "std": 0.05628709239855284
    },
    "\u03b1-PC6": {
      "mean": 0.5818277938696546,
      "std": 0.07991327559354773
    },
    "\u03b1-PC7": {
      "mean": 0.5425796878070008,
      "std": 0.04878563528315212
    }
  },
  "TCGA_LUAD": {
    "\u03b1-PC1": {
      "mean": 0.5677665468662275,
      "std": 0.05004491258714162
    },
    "\u03b1-PC2": {
      "mean": 0.5302016388802236,
      "std": 0.06329712950070199
    },
    "\u03b1-PC3": {
      "mean": 0.44044988291176307,
      "std": 0.04106105317522377
    },
    "\u03b1-PC4": {
      "mean": 0.4514876996851305,
      "std": 0.07440453746534831
    },
    "\u03b1-PC5": {
      "mean": 0.5680310126779021,
      "std": 0.057138693457922725
    },
    "\u03b1-PC6": {
      "mean": 0.6104288417272437,
      "std": 0.04339545929036813
    },
    "\u03b1-PC7": {
      "mean": 0.5210620265118757,
      "std": 0.02734270875835866
    }
  },
  "TCGA_IDH_glioma": {
    "\u03b1-PC1": {
      "mean": 0.6704983858228244,
      "std": 0.11042482972779191
    },
    "\u03b1-PC2": {
      "mean": 0.6703161358032574,
      "std": 0.042331383141398726
    },
    "\u03b1-PC3": {
      "mean": 0.6157567317853659,
      "std": 0.08742852563324217
    },
    "\u03b1-PC4": {
      "mean": 0.7623710472022048,
      "std": 0.06498773844452958
    },
    "\u03b1-PC5": {
      "mean": 0.4439300172389734,
      "std": 0.04823768536863469
    },
    "\u03b1-PC6": {
      "mean": 0.5000304001125385,
      "std": 0.09586826275927653
    },
    "\u03b1-PC7": {
      "mean": 0.6062190775045484,
      "std": 0.05698145101290676
    }
  },
  "Filbin_COVID": {
    "\u03b1-PC1": {
      "mean": 0.4732443531373514,
      "std": 0.041393812690004125
    },
    "\u03b1-PC2": {
      "mean": 0.6965133105480998,
      "std": 0.06693994059757441
    },
    "\u03b1-PC3": {
      "mean": 0.7149778820827987,
      "std": 0.05821715849304082
    },
    "\u03b1-PC4": {
      "mean": 0.5698831553287216,
      "std": 0.06074802897002045
    },
    "\u03b1-PC5": {
      "mean": 0.5914253353465382,
      "std": 0.08378960126796683
    },
    "\u03b1-PC6": {
      "mean": 0.4005753713655382,
      "std": 0.04438154018505196
    },
    "\u03b1-PC7": {
      "mean": 0.41515776603408294,
      "std": 0.03516127375870036
    }
  },
  "compute_seconds": 76.53130149841309
}