{
  "cohort": "GSE89408_RA",
  "n_patients": 174,
  "n_substrate_nodes": 38211,
  "preprocessing": "within-patient log2+zscore",
  "hub_cap": 500,
  "diffusion_t": 2.0,
  "sigma_per_modality": 1.0,
  "alpha_pc_explained_variance_ratio": [
    0.06591003564178265,
    0.053068835191513786,
    0.03815912989928825,
    0.036322970001785984,
    0.028276340727117103
  ],
  "mean_smoothness": 111685435392.0,
  "compute_seconds": 522.8660342693329,
  "F_path": "/home/jgardner/GIZMO/benchmarks/results/unsupervised/stage3_F_GSE89408_RA_zscored.npz"
}