{
  "cohort": "Crohn",
  "n_patients": 33,
  "n_substrate_nodes": 38211,
  "preprocessing": "within-patient log2+zscore",
  "hub_cap": 500,
  "diffusion_t": 2.0,
  "sigma_per_modality": 1.0,
  "alpha_pc_explained_variance_ratio": [
    0.2019194320604085,
    0.17236268121537376,
    0.12767892969694003,
    0.08617949460558878,
    0.07538480852808825
  ],
  "mean_smoothness": 789853248.0,
  "compute_seconds": 142.93938493728638,
  "F_path": "/home/jgardner/GIZMO/benchmarks/results/unsupervised/stage3_F_Crohn_zscored.npz"
}