{
  "cohort": "CorEvitas_RA",
  "n_patients": 145,
  "n_substrate_nodes": 38211,
  "preprocessing": "within-patient log2+zscore",
  "hub_cap": 500,
  "diffusion_t": 2.0,
  "sigma_per_modality": 1.0,
  "alpha_pc_explained_variance_ratio": [
    0.20329510766489936,
    0.1146656673750583,
    0.10043663806194482,
    0.060076209502024386,
    0.03722685176684866
  ],
  "mean_smoothness": 21736892416.0,
  "compute_seconds": 406.6914691925049,
  "F_path": "/home/jgardner/GIZMO/benchmarks/results/unsupervised/stage3_F_CorEvitas_RA_zscored.npz"
}